<odoo>
  <data noupdate="1">

 <!-- Datos demo de Miembro -->
    <record id="demo_miembro_1" model="conciertos.miembro">
      <field name="name">Kanade Yoisaki</field>
      <field name="fecha_nacimiento" eval="'2007-02-10'"/>
      <field name="imagen" file="conciertos/static/img/img_miembro_kanade_yoisaki.png" type="base64" />
    </record>     

    <record id="demo_miembro_2" model="conciertos.miembro">
      <field name="name">Mafuyu Asahina</field>
      <field name="fecha_nacimiento" eval="'2006-01-27'"/>
      <field name="imagen" file="conciertos/static/img/img_miembro_mafuyu_asahina.png" type="base64" />
    </record>

    <record id="demo_miembro_3" model="conciertos.miembro">
      <field name="name">Mizuki Akiyama</field>
      <field name="fecha_nacimiento" eval="'2006-09-27'"/>
      <field name="imagen" file="conciertos/static/img/img_miembro_mizuki_akiyama.png" type="base64" />
    </record>

    <record id="demo_miembro_4" model="conciertos.miembro">
      <field name="name">Ena Shinonome</field>
      <field name="fecha_nacimiento" eval="'2006-04-30'"/>
      <field name="imagen" file="conciertos/static/img/img_miembro_ena_shinonome.png" type="base64" />
    </record> 

    <!-- Datos demo de Grupo -->
    <record id="demo_grupo_1" model="conciertos.grupo">
      <field name="name">Nightcord At 25:00</field>
      <field name="imagen" file="conciertos/static/img/img_grupo_nightcord.png" type="base64" />
      <field name="email">nightcord@gmail.com</field>
      <field name="miembros" eval="[(6, 0, [ref('demo_miembro_1'), ref('demo_miembro_2'), ref('demo_miembro_3'), ref('demo_miembro_4')])]"/>
    </record>

    <!-- Datos demo de Genero -->
    <record id="demo_genero_1" model="conciertos.genero">
      <field name="name">JPop</field>
    </record>           
    <record id="demo_genero_2" model="conciertos.genero">
      <field name="name">Vocaloid</field>
    </record> 

    <!-- Datos demo Cancion -->
    <record id="demo_cancion_1" model="conciertos.cancion">
      <field name="name">Twilight Light</field>
      <field name="imagen" file="conciertos/static/img/img_cancion_twilight_light.png" type="base64" />
      <field name="grupo" ref="demo_grupo_1"/>
      <field name="duracion" eval="3.18"/>
      <field name="genero" eval="[(6, 0, [ref('demo_genero_1'), ref('demo_genero_2')])]"/>            
    </record>   

    <record id="demo_cancion_2" model="conciertos.cancion">
      <field name="name">Tricologe</field>
      <field name="imagen" file="conciertos/static/img/img_cancion_tricologe.png" type="base64" />
      <field name="grupo" ref="demo_grupo_1"/>
      <field name="duracion" eval="4.22"/>
      <field name="genero" eval="[(6, 0, [ref('demo_genero_1'), ref('demo_genero_2')])]"/>            
    </record>   

    <record id="demo_cancion_3" model="conciertos.cancion">
      <field name="name">Samsa</field>
      <field name="imagen" file="conciertos/static/img/img_cancion_samsa.png" type="base64" />
      <field name="grupo" ref="demo_grupo_1"/>
      <field name="duracion" eval="3.33"/>
      <field name="genero" eval="[(6, 0, [ref('demo_genero_1'), ref('demo_genero_2')])]"/>            
    </record>  

    <!-- Datos demo Concierto -->
    <record id="demo_concierto_1" model="conciertos.concierto">
      <field name="name">Concierto Nightcord At 25:00 - 25-04</field>
      <field name="grupo" ref="demo_grupo_1"/>
      <field name="canciones" eval="[(6, 0, [ref('demo_cancion_1'), ref('demo_cancion_2'), ref('demo_cancion_3')])]"/>    
      <field name="fecha" eval="'2024-04-25'"/>
      <field name="entradas" eval="25000"/>
      <field name="precio" eval="6.99"/>
    </record> 

  </data>
</odoo>