id,name,model_id:id,group_id:id,perm_read,perm_write,perm_create,perm_unlink
concierto_administrador,concierto administrador,model_conciertos_concierto,conciertos_administrador,1,1,1,1
grupo_administrador,grupo administrador,model_conciertos_grupo,conciertos_administrador,1,1,1,1
miembro_administrador,miembro administrador,model_conciertos_miembro,conciertos_administrador,1,1,1,1
cancion_administrador,cancion administrador,model_conciertos_cancion,conciertos_administrador,1,1,1,1
genero_administrador,genero administrador,model_conciertos_genero,conciertos_administrador,1,1,1,1
concierto_empleado,concierto empleado,model_conciertos_concierto,conciertos_empleado,1,0,0,0
grupo_empleado,grupo empleado,model_conciertos_grupo,conciertos_empleado,1,1,1,0
miembro_empleado,miembro empleado,model_conciertos_miembro,conciertos_empleado,1,1,1,1
cancion_empleado,cancion empleado,model_conciertos_cancion,conciertos_empleado,1,1,1,1
genero_empleado,genero empleado,model_conciertos_genero,conciertos_empleado,1,1,1,1